id,first_name,last_name,salary,birthday,hire_date,department,position
1,Wesley,Burgess,6028.64,1978-07-05,2018-07-06,IT,DevOps Engineer
2,Carolyn,Jennings,8181.37,1949-05-23,2024-11-11,IT,Network Administrator
3,Barbara,Vasquez,6804.13,1994-07-16,2023-01-02,Sales,Sales Executive
4,Cheryl,Alvarado,5499.08,1981-05-24,2016-06-13,Marketing,SEO Analyst
5,David,Hubbard,5987.86,2001-05-23,2016-03-07,Legal,Legal Advisor
6,Nicholas,Jones,8689.8,1963-09-10,2023-10-29,Marketing,Social Media Manager
7,Thomas,Rodriguez,8348.63,1973-06-20,2024-08-25,Finance,Financial Analyst
8,Donald,Long,8067.14,1996-01-08,2016-01-13,Sales,Account Manager
9,Melissa,Rivera,5001.53,1950-02-17,2024-07-07,Marketing,Social Media Manager
10,Emily,Smith,7901.26,1984-09-24,2018-05-10,Finance,Financial Analyst
11,Molly,Martin,8853.22,1978-03-11,2016-10-16,Sales,Account Manager
12,Jessica,Chavez,8527.31,1994-12-02,2018-11-19,Marketing,SEO Analyst
13,Tammy,Mclean,4744.48,1989-08-03,2024-11-17,HR,HR Manager
14,Renee,Tran,3565.34,1961-01-08,2017-08-28,IT,DevOps Engineer
15,Amanda,Richmond,8273.13,1963-03-25,2020-11-02,Marketing,Social Media Manager
16,Courtney,Kemp,5373.15,1981-03-09,2016-02-29,IT,DevOps Engineer
17,Mark,Wyatt,5058.59,2000-01-07,2021-05-13,Sales,Account Manager
18,Troy,Stephens,6029.38,1959-08-31,2020-01-22,Sales,Account Manager
19,Cameron,James,9751.89,2002-08-28,2024-03-14,IT,DevOps Engineer
20,Raymond,Griffith,3312.04,1963-09-12,2020-08-28,Sales,Account Manager
21,Jason,Gonzales,3049.26,1982-09-29,2015-12-12,Marketing,Social Media Manager
22,Jennifer,Smith,4369.9,1973-08-25,2021-09-26,Marketing,SEO Analyst
23,Sandra,Watson,8378.85,1986-07-03,2020-06-01,Sales,Sales Executive
24,Jennifer,Rios,3235.13,2006-10-26,2019-06-13,HR,HR Manager
25,Seth,Sanchez,4182.53,1970-12-04,2015-02-16,Marketing,Social Media Manager
26,William,Williams,8640.37,1965-11-26,2023-04-11,HR,Recruitment Specialist
27,Dennis,Ray,6550.86,1968-05-10,2019-05-30,Marketing,Marketing Specialist
28,Cathy,Oconnor,7796.96,2001-02-27,2024-05-27,HR,HR Assistant
29,Luke,Flowers,8140.79,1989-03-30,2021-11-12,IT,Front-end Developer
30,Joseph,Garza,6956.53,1995-06-20,2015-08-26,Marketing,Marketing Specialist
31,Jamie,Durham,7730.92,1997-02-04,2017-01-07,Sales,Sales Executive
32,Jennifer,Patterson,8071.61,1974-07-26,2024-01-28,Marketing,Social Media Manager
33,Amanda,Hernandez,8316.33,1958-12-09,2016-12-21,Finance,Tax Consultant
34,Jessica,Barber,4961.23,1989-10-07,2021-09-28,Sales,Sales Executive
35,Elizabeth,Oliver,6116.67,1971-10-12,2016-11-22,Legal,Legal Advisor
36,Lauren,King,6062.71,1997-12-27,2022-05-15,Legal,Contract Specialist
37,Corey,Dennis,8666.61,1995-04-07,2021-10-06,Sales,Account Manager
38,Daniel,Alexander,9372.74,1989-04-21,2020-04-08,Finance,Tax Consultant
39,Vanessa,Porter,8642.79,1983-11-11,2023-05-17,Sales,Account Manager
40,James,Cordova,8750.13,1995-11-25,2020-05-19,Sales,Account Manager
41,Bradley,Rodriguez,7861.57,1999-08-06,2015-01-19,IT,DevOps Engineer
42,John,Hall,5185.52,2006-12-04,2015-03-04,Marketing,Marketing Specialist
43,Megan,Romero,9879.67,1992-05-06,2016-02-22,IT,Front-end Developer
44,Andrew,Jensen,6648.9,1987-03-30,2021-10-28,HR,Recruitment Specialist
45,Laura,Green,7679.04,1955-08-09,2021-02-04,Finance,Tax Consultant
46,Wayne,Long,7318.87,1953-07-12,2017-12-06,IT,Network Administrator
47,Maria,Schultz,6205.09,1949-05-05,2017-06-19,HR,HR Assistant
48,Jean,Smith,6463.24,1962-09-18,2017-02-10,IT,Network Administrator
49,Karla,Parker,9531.0,1996-10-01,2022-07-29,Finance,Tax Consultant
50,Devon,Ward,8377.19,1957-05-27,2024-02-23,HR,Recruitment Specialist
51,Chelsea,Hicks,6380.36,1978-11-05,2019-01-26,Sales,Account Manager
52,Megan,Miller,5253.53,1962-11-21,2022-04-21,Legal,Contract Specialist
53,Miranda,Nelson,4205.32,1952-09-19,2019-03-13,Sales,Account Manager
54,David,Mccoy,7385.82,1996-10-05,2023-10-01,Finance,Financial Analyst
55,Joseph,Hodges,9541.2,1973-03-19,2024-01-11,HR,Recruitment Specialist
56,Greg,Stewart,5636.88,1990-05-08,2018-10-25,Finance,Accountant
57,Robert,Anderson,7412.96,1988-06-20,2024-12-10,IT,DevOps Engineer
58,Gregory,Perez,9171.17,1971-02-11,2022-09-19,HR,HR Manager
59,Zachary,Williams,5377.2,1974-11-19,2022-04-22,Legal,Lawyer
60,Christopher,Bolton,7578.21,1999-04-29,2019-12-15,HR,HR Assistant
61,Sandra,Clark,8560.6,1973-12-18,2019-08-25,IT,Front-end Developer
62,Brian,Turner,8989.16,1997-07-16,2022-04-06,Legal,Legal Advisor
63,Kathryn,Flores,6154.82,1949-04-20,2019-06-08,IT,Front-end Developer
64,David,Scott,5353.82,1986-06-18,2023-07-22,Finance,Financial Analyst
65,Christine,Faulkner,6346.34,1972-04-19,2019-04-26,Legal,Legal Advisor
66,Deborah,Wilson,5646.23,1965-01-15,2019-09-13,Finance,Tax Consultant
67,William,Rogers,4721.84,1975-05-07,2018-07-09,Sales,Account Manager
68,Bruce,Kim,8408.91,1950-07-05,2022-01-18,IT,Front-end Developer
69,Jonathan,Mclaughlin,8365.33,1978-06-02,2017-09-24,Marketing,Social Media Manager
70,Cassandra,Cain,8212.32,1993-07-02,2024-07-18,Finance,Accountant
71,Franklin,Clark,8732.92,1992-12-17,2016-10-07,Finance,Tax Consultant
72,Paul,Logan,5926.19,2005-04-26,2019-02-13,Finance,Accountant
73,Randy,Kemp,8558.14,1996-02-26,2024-09-12,Marketing,SEO Analyst
74,Randy,Weber,9323.72,1969-05-26,2017-02-06,HR,Recruitment Specialist
75,Shelby,Freeman,7194.06,1985-11-24,2019-05-17,Marketing,Social Media Manager
76,Michael,Cortez,3055.5,1953-09-02,2018-09-30,IT,Front-end Developer
77,Kathryn,Morgan,6921.71,1990-01-31,2015-03-12,HR,Recruitment Specialist
78,Mallory,Booker,5980.52,1981-01-12,2020-05-17,Marketing,Marketing Specialist
79,Joel,Brown,4852.75,1954-12-26,2020-10-10,Legal,Contract Specialist
80,Andrew,Downs,5204.54,2005-06-21,2015-08-03,Finance,Financial Analyst
81,Ashley,Mckee,9086.55,1958-11-28,2023-11-18,HR,Recruitment Specialist
82,Melissa,Watson,9573.33,1997-09-07,2015-11-02,Legal,Legal Advisor
83,Randy,Ellis,4108.63,1986-08-09,2017-12-18,Sales,Sales Executive
84,Taylor,Copeland,7905.15,1981-04-06,2016-08-21,Marketing,Social Media Manager
85,Jennifer,Jackson,3458.28,1950-01-19,2023-09-26,Legal,Legal Advisor
86,Anna,Montoya,7708.08,1983-10-11,2019-09-04,Finance,Financial Analyst
87,Bryan,Berger,4113.98,1981-02-08,2015-12-25,Sales,Sales Executive
88,Daniel,Robinson,4382.72,1992-11-28,2017-01-15,IT,Network Administrator
89,Jose,Parks,5467.67,1986-05-20,2022-02-11,IT,Network Administrator
90,Matthew,Robbins,8294.3,2004-09-17,2022-04-17,IT,Network Administrator
91,Melissa,Morris,8969.67,1964-06-03,2022-04-28,Finance,Accountant
92,Matthew,Ramos,9201.7,1985-01-06,2022-07-27,Marketing,Marketing Specialist
93,Gabriel,Browning,9404.01,1950-07-05,2017-10-09,Sales,Account Manager
94,Timothy,Mayer,9549.15,2003-01-13,2020-02-12,IT,Back-end Developer
95,Frances,Murray,4301.47,1967-01-22,2024-07-08,Sales,Account Manager
96,Jimmy,Juarez,8798.82,2000-12-19,2018-04-17,Marketing,Social Media Manager
97,Terri,Miller,4418.33,1957-01-06,2021-07-17,Legal,Lawyer
98,Justin,Beck,3833.34,1981-12-23,2017-07-08,Marketing,SEO Analyst
99,Corey,Morris,5767.6,1951-06-09,2019-10-20,IT,DevOps Engineer
100,Douglas,Harris,9622.61,1989-09-27,2018-09-30,Marketing,Marketing Specialist
101,Richard,Arroyo,3988.73,1975-05-18,2015-03-01,Legal,Legal Advisor
102,Melissa,Beard,7612.86,1967-02-03,2015-03-07,HR,HR Assistant
103,Alexandria,Cisneros,7034.1,1990-08-06,2016-06-28,IT,Front-end Developer
104,Aaron,Walker,3823.6,1968-02-26,2015-08-23,Marketing,Marketing Specialist
105,Lindsey,Paul,4809.29,1999-08-26,2018-11-21,Marketing,SEO Analyst
106,Kristen,Murillo,7539.92,1993-02-14,2022-12-10,Marketing,Marketing Specialist
107,Alan,Lewis,8819.2,1972-01-27,2019-07-26,Legal,Lawyer
108,Lori,Nolan,8828.26,1998-10-14,2022-08-24,Finance,Tax Consultant
109,Scott,Hall,8065.25,1967-12-14,2017-01-15,Sales,Sales Executive
110,Seth,Whitney,9510.7,2006-05-30,2017-08-28,Marketing,Marketing Specialist
111,Brianna,Smith,5805.43,1973-10-27,2015-07-04,Sales,Sales Executive
112,Scott,Martin,9713.4,1981-12-03,2020-11-16,HR,Recruitment Specialist
113,Karen,Turner,7544.52,1999-03-23,2022-04-07,HR,HR Assistant
114,Justin,Johnson,8450.24,2001-10-23,2020-07-01,IT,DevOps Engineer
115,Marcus,Hoffman,3947.82,1976-07-10,2023-08-04,HR,Recruitment Specialist
116,Brett,Brown,7131.53,1966-02-09,2025-01-05,Legal,Lawyer
117,Michelle,George,4443.41,1980-08-09,2024-11-21,Legal,Lawyer
118,Jessica,Gonzalez,6060.65,1965-04-16,2017-09-20,HR,HR Assistant
119,Angelica,Haas,9355.35,1998-03-24,2021-04-22,Legal,Lawyer
120,Charles,Hernandez,8813.8,1961-05-22,2024-10-07,Legal,Legal Advisor
121,Kimberly,Ochoa,5387.2,1961-05-30,2018-10-13,Finance,Financial Analyst
122,Dean,Myers,3836.36,1973-11-28,2022-03-28,Sales,Sales Executive
123,Juan,Kane,9877.74,1982-10-31,2020-04-14,HR,HR Assistant
124,Michael,Rodgers,8683.1,1990-01-07,2021-03-25,Legal,Contract Specialist
125,Frank,Mann,4015.38,1999-02-22,2024-04-16,Finance,Accountant
126,Sydney,Spencer,9743.59,1987-10-22,2022-01-30,Sales,Account Manager
127,David,Floyd,8515.81,1982-06-01,2017-06-22,Sales,Account Manager
128,Benjamin,Nelson,4786.17,1958-06-09,2019-03-23,IT,DevOps Engineer
129,Melinda,Kline,4215.64,1982-05-22,2023-11-12,Sales,Account Manager
130,Amber,Cain,5049.53,1954-07-22,2022-02-11,Finance,Accountant
131,Andre,Stevens,7338.43,1998-04-17,2024-08-22,Finance,Tax Consultant
132,Richard,Estrada,7147.81,2003-11-11,2023-10-01,Legal,Legal Advisor
133,Karen,Morales,7599.03,2002-01-09,2020-08-05,Sales,Account Manager
134,Cynthia,Esparza,6672.79,1969-01-01,2022-01-03,Marketing,SEO Analyst
135,Kimberly,Hernandez,8475.66,1965-06-20,2020-12-07,Sales,Account Manager
136,Elizabeth,Horn,4650.19,1976-12-17,2023-04-11,HR,HR Assistant
137,Paula,Ewing,4548.67,1988-05-13,2020-11-02,Marketing,Social Media Manager
138,Shane,Willis,7828.53,1966-12-08,2020-01-13,Marketing,SEO Analyst
139,Clarence,Greene,8462.86,1949-02-09,2023-03-02,Sales,Account Manager
140,Oscar,Thompson,9722.48,1976-06-13,2019-04-09,IT,Back-end Developer
141,Daniel,Rodriguez,3612.63,1981-09-07,2019-10-25,Sales,Sales Executive
142,Rebecca,Mcneil,6140.61,1997-03-29,2016-09-30,Finance,Financial Analyst
143,Christina,Nelson,8056.87,1980-10-31,2021-12-27,Marketing,Social Media Manager
144,Dylan,Hughes,4190.18,1988-02-01,2019-07-29,IT,Network Administrator
145,Ricardo,Porter,5789.57,1983-01-25,2020-01-01,Legal,Legal Advisor
146,Terri,Richmond,4563.64,1998-01-27,2020-02-21,Finance,Accountant
147,Amanda,Waters,4582.82,1951-04-28,2019-05-08,Sales,Sales Executive
148,Lisa,Myers,3318.94,1977-01-23,2015-07-10,Finance,Tax Consultant
149,Samantha,Knapp,4835.57,2006-02-10,2024-07-01,Sales,Account Manager
150,David,Bailey,9483.6,1951-08-20,2016-04-16,IT,Back-end Developer
151,Casey,Downs,9567.64,1970-01-10,2018-07-16,HR,HR Assistant
152,Holly,Craig,4652.63,1961-07-24,2020-03-23,Marketing,SEO Analyst
153,Antonio,Oliver,9313.07,1970-11-06,2019-07-19,HR,Recruitment Specialist
154,Jeremy,Bradshaw,7623.72,1999-08-24,2021-03-13,Finance,Tax Consultant
155,Darren,Silva,7446.45,1963-09-17,2015-10-13,HR,Recruitment Specialist
156,Andrew,Huang,7466.76,1955-04-29,2021-03-13,Marketing,Social Media Manager
157,Denise,Mills,5177.41,1987-04-04,2017-04-24,Legal,Legal Advisor
158,Kelli,Hays,7717.21,1975-06-14,2015-11-17,Legal,Contract Specialist
159,Angela,Friedman,9119.66,1979-07-12,2017-12-05,HR,Recruitment Specialist
160,Gregory,Bishop,6107.49,1984-03-10,2022-10-18,IT,Network Administrator
161,Alison,Miller,4933.97,1960-09-29,2016-10-04,Legal,Lawyer
162,John,Johnson,7378.82,1963-07-01,2019-07-01,Marketing,Marketing Specialist
163,Lynn,Morrison,9063.86,1974-10-03,2019-03-19,HR,Recruitment Specialist
164,Ian,Elliott,7003.66,1972-03-01,2018-04-02,Sales,Account Manager
165,Gary,Campbell,6602.19,1979-03-27,2015-11-10,Legal,Contract Specialist
166,Jessica,Gill,5479.65,1995-09-02,2017-01-12,HR,Recruitment Specialist
167,Javier,Garcia,9723.69,1976-04-07,2019-01-06,Legal,Contract Specialist
168,Joshua,Hartman,8752.28,1974-08-10,2020-07-02,HR,HR Assistant
169,Brandon,Lewis,5137.69,1965-01-07,2024-09-28,Finance,Financial Analyst
170,Kaylee,Martinez,7856.95,1976-05-26,2022-11-06,HR,HR Assistant
171,Allison,White,9073.28,1961-11-25,2020-10-26,Finance,Financial Analyst
172,Bryan,Small,5912.27,1994-06-24,2023-04-03,IT,Front-end Developer
173,Aaron,Grant,3356.53,1966-02-15,2016-10-14,Finance,Financial Analyst
174,Tammy,Bartlett,5905.17,2002-12-22,2022-04-13,Legal,Legal Advisor
175,Courtney,Rasmussen,5665.63,1966-03-04,2022-07-03,IT,Network Administrator
176,Hector,Reed,3754.96,1987-11-09,2022-06-23,Sales,Sales Executive
177,Felicia,Elliott,6450.89,1971-08-28,2024-04-04,Marketing,Marketing Specialist
178,Jo,Young,8308.03,1979-12-30,2015-12-08,Legal,Legal Advisor
179,Darlene,Odonnell,7181.97,1986-08-04,2020-05-06,Marketing,SEO Analyst
180,Rhonda,Trujillo,9025.02,1996-10-16,2020-05-22,Sales,Account Manager
181,Andrew,Green,9601.04,2000-02-19,2018-12-20,Legal,Contract Specialist
182,Donald,Webb,6017.37,1967-04-08,2015-02-09,Marketing,SEO Analyst
183,Russell,Lindsey,3637.02,1978-11-29,2019-10-23,Legal,Legal Advisor
184,William,Atkins,4653.45,1969-04-13,2016-07-29,IT,Back-end Developer
185,Victoria,Diaz,5597.06,2004-02-23,2024-03-01,Legal,Lawyer
186,Krystal,Anderson,5692.86,1998-02-15,2023-03-23,Marketing,Marketing Specialist
187,Jacob,Smith,7417.51,1998-04-27,2022-10-06,Sales,Sales Executive
188,Nicholas,Thomas,4520.23,1969-06-04,2016-09-26,HR,Recruitment Specialist
189,Tara,Smith,6601.8,1983-03-15,2019-10-15,Finance,Accountant
190,Adrian,Martin,8236.49,1983-11-13,2017-09-27,HR,HR Assistant
191,Amber,Wilson,8743.51,1977-06-13,2017-03-31,IT,Back-end Developer
192,Harold,Mejia,8945.31,2002-10-10,2023-08-02,Finance,Tax Consultant
193,Marcus,Marshall,9891.49,1966-06-22,2019-02-06,Sales,Sales Executive
194,Christopher,Clarke,7584.25,1993-04-23,2019-09-03,IT,Front-end Developer
195,Melinda,Edwards,6282.46,1971-09-05,2020-02-24,Legal,Contract Specialist
196,Christian,Banks,5555.16,1949-12-13,2017-09-09,Sales,Sales Executive
197,Michael,Brown,4633.35,1962-01-01,2018-06-01,Marketing,Marketing Specialist
198,Steven,Davis,5414.23,1976-03-05,2021-01-11,Marketing,Marketing Specialist
199,Darren,Robertson,3867.73,1960-01-18,2017-09-14,HR,HR Assistant
200,Robert,Wells,7709.17,1968-08-08,2015-07-27,Sales,Sales Executive
201,Jason,Mccoy,5836.76,1993-12-04,2019-02-14,Marketing,Social Media Manager
202,Jessica,Bautista,3715.36,1977-06-07,2016-06-18,Legal,Lawyer
203,Megan,Smith,3143.07,1950-03-22,2022-04-19,Marketing,Social Media Manager
204,Ashley,Henderson,5287.93,1997-04-06,2024-03-10,Finance,Tax Consultant
205,Lisa,Watson,5104.98,1972-12-28,2017-05-28,Finance,Financial Analyst
206,Veronica,Prince,5563.01,1985-04-05,2024-04-15,IT,DevOps Engineer
207,Michael,Moyer,4388.12,1952-09-04,2023-07-04,Legal,Contract Specialist
208,Patricia,Barnett,5188.48,1964-04-27,2015-12-31,Finance,Accountant
209,Paul,Dalton,3275.46,1956-07-13,2017-04-27,IT,Front-end Developer
210,Kimberly,Dixon,3606.91,2000-01-18,2018-10-14,Marketing,Marketing Specialist
211,Robert,Delgado,5068.9,1963-08-19,2015-01-14,Legal,Legal Advisor
212,David,Johnson,6602.64,1979-06-12,2017-01-24,Marketing,Marketing Specialist
213,Ryan,Wells,9766.53,1988-02-04,2023-11-04,Legal,Legal Advisor
214,Nicholas,Austin,7179.76,2002-03-21,2020-10-13,Legal,Legal Advisor
215,Terri,Jackson,9546.08,1966-01-10,2015-12-21,Sales,Sales Executive
216,Patricia,Kramer,6665.11,1994-08-05,2019-03-18,HR,HR Assistant
217,Anthony,Baker,5613.56,1957-05-25,2017-04-20,HR,HR Manager
218,Raymond,Burton,9751.08,1975-11-12,2019-04-06,Marketing,Marketing Specialist
219,Fernando,Barnett,7512.19,1959-10-13,2019-09-07,Marketing,Social Media Manager
220,Paul,Davis,9038.21,1988-04-08,2020-06-30,Sales,Account Manager
221,Shannon,Snyder,7723.89,1998-09-13,2019-06-22,Marketing,Social Media Manager
222,Janet,Riley,3151.3,1993-12-24,2015-08-30,Finance,Tax Consultant
223,Antonio,Cox,5781.23,1991-07-19,2023-06-07,IT,Network Administrator
224,Jessica,Sparks,5021.48,1960-09-19,2018-07-22,HR,HR Assistant
225,Eric,Duran,6533.44,1977-04-13,2021-11-30,Marketing,Social Media Manager
226,Amy,Simmons,4308.73,1991-05-27,2020-05-16,Marketing,SEO Analyst
227,Matthew,Mullen,9020.56,1968-12-19,2017-10-03,Marketing,SEO Analyst
228,Paul,Martinez,6369.75,1990-02-23,2019-07-09,Legal,Lawyer
229,Heather,Davis,7326.22,1991-01-02,2018-02-21,Sales,Sales Executive
230,Gilbert,Martinez,8502.6,2004-03-09,2016-10-20,IT,DevOps Engineer
231,Janet,Davis,6381.79,1985-03-17,2024-11-25,HR,HR Manager
232,Sherri,Crosby,9639.85,1983-08-10,2018-03-13,Marketing,Marketing Specialist
233,Tyler,Smith,5720.25,1987-04-19,2021-03-24,Finance,Accountant
234,Julie,Love,3230.54,1983-02-03,2017-10-20,Marketing,SEO Analyst
235,Michael,Johnson,6108.69,1997-08-26,2022-03-26,Sales,Sales Executive
236,Karen,Foster,5204.32,1951-05-07,2022-08-28,Finance,Tax Consultant
237,Steven,Adams,7019.27,1985-10-01,2019-08-03,HR,HR Assistant
238,Christopher,Ray,4734.89,1953-02-15,2021-03-21,Finance,Tax Consultant
239,Pamela,Phillips,3183.04,1971-09-26,2015-08-26,IT,Network Administrator
240,Sharon,Wong,8321.74,2002-09-01,2016-07-31,Sales,Sales Executive
241,Mary,Dickson,7530.21,1971-11-17,2023-05-30,Marketing,SEO Analyst
242,Sheila,Hunter,6724.47,1975-09-10,2019-12-24,Marketing,Social Media Manager
243,Jennifer,Estes,8917.72,1953-11-12,2016-12-02,Marketing,SEO Analyst
244,Manuel,Williams,9831.24,1983-02-14,2022-08-21,Finance,Financial Analyst
245,Vanessa,Mcbride,6367.32,1972-09-22,2021-04-20,Finance,Tax Consultant
246,Michael,Pearson,5101.66,1986-05-22,2018-11-14,Legal,Legal Advisor
247,Rachael,Vasquez,8111.06,1970-03-12,2017-09-27,Finance,Financial Analyst
248,Susan,Russell,4482.88,1971-03-15,2024-09-27,HR,HR Assistant
249,Linda,Perez,8259.08,1973-09-13,2019-05-23,Legal,Lawyer
250,David,Young,5116.09,1983-06-04,2018-07-24,HR,Recruitment Specialist
251,Charles,Vargas,5169.2,2001-03-24,2018-10-01,Marketing,Social Media Manager
252,Tammy,Roberts,9585.73,1957-07-30,2015-08-09,Finance,Financial Analyst
253,Karl,Tapia,3760.24,1962-05-09,2018-06-15,Finance,Financial Analyst
254,Isaac,Burke,9549.09,1960-11-07,2017-07-06,IT,Back-end Developer
255,Crystal,Warren,7074.51,1958-01-21,2017-01-24,HR,HR Assistant
256,Jeremy,Wright,4049.46,1982-05-20,2023-03-18,Marketing,Social Media Manager
257,Anne,Gallagher,4426.46,1977-09-17,2023-10-11,HR,Recruitment Specialist
258,Robin,Sanchez,5496.14,1981-05-20,2024-04-09,Finance,Accountant
259,Johnathan,Jones,6541.08,1998-11-21,2018-08-14,Legal,Legal Advisor
260,Mark,Wells,7261.25,1986-05-12,2024-11-17,Marketing,Marketing Specialist
261,George,Horton,6489.14,2006-05-26,2017-11-13,IT,DevOps Engineer
262,David,Walker,6316.83,1956-05-12,2020-10-04,Marketing,Marketing Specialist
263,Kerry,Stone,8359.54,1984-07-24,2020-10-11,Sales,Sales Executive
264,Stacy,Wilson,7070.44,1995-04-10,2017-09-24,Finance,Tax Consultant
265,Matthew,Dean,7948.67,2000-11-25,2022-07-09,Legal,Lawyer
266,Larry,Friedman,6650.43,1949-10-16,2020-12-20,Marketing,Social Media Manager
267,Vincent,Henderson,8095.27,1960-03-12,2024-04-18,Legal,Lawyer
268,Bradley,Beasley,7606.15,1956-01-29,2020-10-24,HR,Recruitment Specialist
269,Dawn,Scott,7034.17,1976-12-10,2018-06-27,Marketing,Marketing Specialist
270,Susan,Ramirez,9238.25,1962-04-14,2017-05-18,Marketing,SEO Analyst
271,Caleb,Lee,9477.48,1977-07-02,2024-04-30,HR,HR Manager
272,Jorge,Parsons,8578.49,1953-07-04,2022-10-26,Legal,Lawyer
273,Cody,Richards,9149.78,1949-06-24,2024-05-31,HR,Recruitment Specialist
274,Charles,Orozco,7594.62,1968-04-05,2018-12-19,Sales,Account Manager
275,Elijah,Smith,9484.56,1966-10-03,2018-06-28,HR,HR Manager
276,Mary,Payne,4673.47,1977-01-18,2019-11-18,Legal,Lawyer
277,Benjamin,Cardenas,9790.38,1994-05-23,2021-10-09,Marketing,SEO Analyst
278,Maria,Rivera,4218.81,2003-06-26,2021-03-03,Finance,Financial Analyst
279,Joshua,Wilson,7392.3,1981-01-26,2018-04-12,Finance,Tax Consultant
280,Jonathon,Baker,8833.95,1972-04-25,2022-12-09,Marketing,Marketing Specialist
281,Melissa,Blake,6706.38,2003-08-09,2019-03-14,Legal,Contract Specialist
282,Kenneth,Greene,8112.28,1970-12-29,2021-01-13,Legal,Lawyer
283,Richard,White,6406.54,1971-07-06,2020-08-03,HR,HR Assistant
284,Robert,Young,9207.12,1971-11-07,2015-07-01,Marketing,Marketing Specialist
285,Kathryn,Cortez,8984.61,1993-08-26,2019-09-16,Marketing,SEO Analyst
286,Bruce,Garrett,9078.7,1995-11-25,2022-03-02,Marketing,Social Media Manager
287,Dorothy,Tapia,7596.23,1952-02-29,2018-03-23,IT,DevOps Engineer
288,Rachel,White,6791.83,2006-01-02,2019-09-16,HR,HR Manager
289,Jeremy,Li,6562.06,1949-04-10,2017-10-19,Sales,Account Manager
290,Robert,Smith,5086.29,1979-06-24,2024-01-01,Finance,Accountant
291,Beth,Armstrong,9504.94,1959-07-21,2021-12-18,Marketing,Marketing Specialist
292,Joshua,King,8541.03,2006-03-20,2021-05-11,IT,Back-end Developer
293,Ernest,Pittman,3695.7,1992-03-03,2022-07-22,Marketing,SEO Analyst
294,Amanda,Knight,4311.32,1981-04-14,2015-10-13,Marketing,Social Media Manager
295,Joseph,Lynch,9923.0,1951-12-23,2016-08-03,IT,Front-end Developer
296,Timothy,Barron,4349.34,1981-08-15,2019-06-26,Legal,Contract Specialist
297,Laura,Torres,4614.12,1987-05-07,2023-09-02,Marketing,Marketing Specialist
298,Mario,Hartman,4658.76,1994-07-16,2020-01-29,Finance,Accountant
299,Erica,Lucas,3500.53,1950-01-05,2024-07-30,Marketing,Social Media Manager
300,Chelsea,Walton,7039.83,2006-03-20,2017-07-18,HR,HR Manager
301,Katrina,Finley,3856.6,2002-05-13,2015-06-09,Sales,Sales Executive
302,Pamela,Baker,4231.44,1989-11-15,2020-12-09,Marketing,Social Media Manager
303,Scott,Proctor,7319.27,1988-02-24,2016-09-19,Sales,Sales Executive
304,Aaron,Smith,3327.77,1964-02-23,2017-01-09,HR,Recruitment Specialist
305,Sarah,Harrison,3683.89,1998-05-25,2020-12-21,Sales,Account Manager
306,Rachel,Guzman,9424.36,1960-02-09,2018-02-12,Finance,Financial Analyst
307,Eddie,Gomez,4681.54,1959-08-13,2022-02-03,Sales,Sales Executive
308,Cole,Butler,3168.21,1981-07-20,2017-01-14,Marketing,Marketing Specialist
309,Michelle,Thomas,8306.47,1958-04-09,2018-08-12,Sales,Sales Executive
310,Melissa,Walsh,7534.82,1959-01-16,2017-12-14,Finance,Tax Consultant
311,David,Strong,7338.89,1973-11-17,2017-03-20,Marketing,Marketing Specialist
312,Dave,Gomez,4879.68,1995-12-07,2024-06-14,Marketing,SEO Analyst
313,Charles,Moore,4495.99,1971-01-31,2015-08-21,Marketing,Marketing Specialist
314,Travis,Gonzales,7263.14,1951-12-09,2016-03-14,Legal,Lawyer
315,Stacy,Gross,8873.59,1956-10-10,2019-07-04,Finance,Accountant
316,Tina,Rhodes,3490.63,1962-12-26,2020-10-15,Legal,Legal Advisor
317,Michael,Hobbs,7265.43,1957-03-21,2016-04-03,Marketing,Social Media Manager
318,Cody,Donovan,4029.0,1974-11-08,2015-02-26,Marketing,Marketing Specialist
319,Alexandra,Gonzalez,5897.52,1978-05-18,2015-01-21,Sales,Sales Executive
320,Laura,Tran,3867.49,1994-08-06,2015-03-09,Finance,Financial Analyst
321,Bryan,Santana,8617.39,1950-09-18,2024-04-08,HR,HR Assistant
322,Matthew,Turner,8777.5,1981-10-23,2023-10-26,HR,Recruitment Specialist
323,Katrina,Mann,8724.64,1988-05-14,2024-03-01,Finance,Tax Consultant
324,Vickie,Gonzalez,6375.52,1953-06-20,2024-12-06,Finance,Tax Consultant
325,Vanessa,Young,5896.76,1990-04-20,2023-03-15,Finance,Tax Consultant
326,Tina,Blake,9550.69,1985-11-04,2022-07-19,Sales,Sales Executive
327,Monica,Johnston,8119.03,1981-05-11,2023-04-24,Marketing,Marketing Specialist
328,David,Sawyer,7563.79,1976-11-23,2021-12-07,Sales,Sales Executive
329,Kelly,Skinner,5251.08,1951-10-28,2022-09-24,Finance,Financial Analyst
330,Kathryn,Moore,5372.84,1958-01-10,2017-08-31,HR,HR Assistant
331,Ryan,Thomas,4333.28,1961-02-27,2018-07-14,Marketing,Marketing Specialist
332,Andrea,Phillips,3491.3,1967-03-14,2015-04-26,Finance,Financial Analyst
333,Joan,Pittman,3059.4,1996-12-27,2018-06-19,Marketing,Social Media Manager
334,Abigail,Sandoval,9729.77,1961-09-02,2016-05-20,HR,Recruitment Specialist
335,Mathew,Smith,5953.76,1969-09-09,2022-01-20,IT,DevOps Engineer
336,Larry,Burns,5544.75,1957-09-05,2024-05-04,Marketing,Social Media Manager
337,Lawrence,Moore,7241.24,1972-05-03,2024-04-18,Finance,Accountant
338,Angela,Hoover,3090.12,1972-09-13,2017-04-11,Finance,Accountant
339,Anna,Jackson,7969.82,1952-04-23,2017-12-10,Legal,Legal Advisor
340,Anthony,Young,9802.14,2002-04-18,2023-06-03,IT,Back-end Developer
341,David,Walls,3248.75,1960-11-09,2015-03-10,Legal,Contract Specialist
342,Evan,Rivera,7320.49,1978-09-06,2019-04-21,Sales,Sales Executive
343,Michael,Estes,8820.51,1961-01-04,2021-11-08,Marketing,Social Media Manager
344,Ryan,Hunt,8692.93,1988-02-17,2017-09-21,Sales,Account Manager
345,Wanda,Lopez,4681.57,1966-08-25,2015-04-14,HR,HR Assistant
346,Joseph,Johnson,6730.88,1960-10-08,2022-11-26,Legal,Lawyer
347,Daniel,Gonzalez,6974.4,1953-12-01,2019-08-17,Sales,Account Manager
348,Tara,Chen,5353.98,1950-12-08,2024-03-30,HR,Recruitment Specialist
349,Rebecca,Hudson,9557.14,1966-03-22,2016-05-24,IT,Front-end Developer
350,Nathan,Joseph,9715.19,1950-06-06,2021-06-02,Finance,Tax Consultant
351,Gabrielle,Mckenzie,3455.27,1957-08-01,2018-01-16,Marketing,Social Media Manager
352,Olivia,Smith,8023.11,1962-04-09,2018-11-11,Legal,Lawyer
353,Alexandra,Conley,6266.3,1975-01-26,2017-01-08,Marketing,Marketing Specialist
354,Joseph,Porter,9203.62,1963-05-08,2015-08-01,Finance,Accountant
355,Jimmy,Chambers,8175.63,1951-01-18,2015-12-11,Marketing,Marketing Specialist
356,William,Freeman,3918.71,2005-04-23,2022-07-07,Finance,Financial Analyst
357,Andrea,Gentry,3705.95,1995-06-17,2016-05-07,Legal,Lawyer
358,Bianca,Compton,6482.1,1976-04-02,2021-05-17,Legal,Lawyer
359,Diane,Thompson,9894.9,1962-01-17,2020-04-18,Legal,Contract Specialist
360,Brooke,Zuniga,8549.45,1991-11-08,2018-01-04,HR,Recruitment Specialist
361,Anna,Johnson,6738.35,1995-03-13,2015-10-10,Sales,Sales Executive
362,Janet,Harris,7516.53,1967-01-14,2024-09-20,IT,Back-end Developer
363,Mary,Jackson,4789.68,2004-12-24,2022-11-03,Sales,Account Manager
364,William,Williams,7146.37,1963-03-09,2020-03-21,HR,Recruitment Specialist
365,Natalie,Ward,3603.42,1994-04-17,2016-11-22,HR,HR Manager
366,Jesse,Gonzalez,3121.98,1967-01-05,2017-10-20,HR,HR Assistant
367,Roger,Torres,3104.83,1950-07-01,2017-07-25,Finance,Tax Consultant
368,Dennis,Hunter,9588.99,1998-04-17,2016-03-11,IT,Back-end Developer
369,Courtney,Parker,6471.6,1971-11-02,2017-03-13,Finance,Accountant
370,Brandon,Scott,4566.34,2000-02-26,2018-01-25,Legal,Contract Specialist
371,Amber,Padilla,3253.29,1972-11-24,2022-12-06,IT,Front-end Developer
372,Janice,Ford,5674.52,1954-09-25,2016-08-25,Finance,Financial Analyst
373,Kimberly,Buckley,7089.21,1972-05-20,2016-01-25,Legal,Contract Specialist
374,Kelly,Lewis,5818.87,1969-01-01,2016-02-14,Sales,Sales Executive
375,Nicholas,Ramirez,9263.17,1987-11-28,2019-04-20,Legal,Lawyer
376,Robert,Smith,7671.45,1981-12-11,2016-06-26,Marketing,SEO Analyst
377,Gregory,Collins,4666.82,1954-07-29,2024-07-09,Legal,Lawyer
378,Vincent,Meyers,6279.76,1988-04-30,2019-03-30,Marketing,Marketing Specialist
379,Emma,Hooper,5701.75,1974-01-23,2020-09-29,HR,HR Manager
380,Curtis,Wilson,8205.07,1954-04-04,2016-06-25,Finance,Financial Analyst
381,Audrey,Perez,9849.48,1995-01-13,2020-02-13,HR,Recruitment Specialist
382,Lori,Patterson,6740.05,1968-11-08,2015-10-07,HR,HR Manager
383,Francisco,George,6712.97,1981-02-03,2023-11-04,HR,Recruitment Specialist
384,Justin,Leonard,8729.62,1993-10-19,2018-02-23,Legal,Contract Specialist
385,Monique,Ingram,7841.61,1973-04-28,2017-09-23,Legal,Legal Advisor
386,Gregory,Landry,4700.56,1999-01-11,2018-09-17,Legal,Legal Advisor
387,Valerie,Hernandez,6384.43,2001-04-06,2015-02-26,Legal,Legal Advisor
388,Kyle,Mcgrath,7978.1,1982-09-15,2022-07-02,Sales,Account Manager
389,Alec,Baldwin,5958.55,1984-03-18,2023-07-22,Sales,Sales Executive
390,Antonio,Figueroa,8866.97,2002-02-24,2020-06-22,Finance,Financial Analyst
391,Patrick,Silva,6781.94,1955-08-02,2019-05-17,Legal,Legal Advisor
392,Sara,Meyers,9530.52,1979-03-12,2017-05-21,Marketing,SEO Analyst
393,Theresa,Nguyen,3296.05,1981-10-18,2021-03-24,Marketing,Marketing Specialist
394,Monique,Keith,7384.58,1970-11-26,2015-05-24,IT,Network Administrator
395,Bruce,Hayes,6658.94,1993-06-04,2016-07-09,Legal,Lawyer
396,Tracy,Griffin,6994.53,2004-03-20,2021-08-23,HR,HR Manager
397,John,Evans,9150.01,2004-12-14,2017-10-17,HR,HR Assistant
398,Jeremy,Zimmerman,4232.36,1968-03-24,2016-12-17,HR,HR Assistant
399,Matthew,Johnson,9274.44,1990-03-02,2019-05-27,Legal,Legal Advisor
400,Ian,Howard,3371.41,1987-07-08,2018-10-20,Marketing,Social Media Manager
401,Mark,Callahan,8675.19,1975-04-23,2023-06-17,IT,Network Administrator
402,Carl,Costa,3087.02,1995-12-07,2015-09-10,Marketing,Social Media Manager
403,Harold,Moreno,3394.37,1974-06-09,2023-04-23,Sales,Account Manager
404,Joseph,Hernandez,3090.1,1988-06-10,2019-10-10,Legal,Lawyer
405,Jacob,Durham,5698.51,1956-11-24,2015-04-04,Legal,Contract Specialist
406,Melanie,Shepherd,7280.55,1975-08-13,2020-06-07,Finance,Financial Analyst
407,Kristina,Watson,3302.38,1989-12-01,2021-01-25,HR,HR Assistant
408,Scott,Herrera,5951.47,1992-10-19,2017-01-24,Sales,Sales Executive
409,Laurie,Mcgee,6510.19,1969-03-12,2021-09-26,IT,Front-end Developer
410,Danielle,Dixon,3876.0,1984-05-14,2018-09-20,Finance,Accountant
411,James,Hall,9535.02,1964-05-01,2018-12-21,IT,Front-end Developer
412,Amanda,Brewer,4665.7,1959-10-25,2023-07-29,IT,Back-end Developer
413,Zachary,Gaines,5749.23,1980-05-29,2017-04-27,Marketing,Marketing Specialist
414,Kevin,Douglas,5363.88,1973-10-09,2021-12-30,Legal,Contract Specialist
415,Travis,Johnston,6766.6,1987-02-07,2024-05-14,IT,DevOps Engineer
416,Denise,Scott,6669.3,1974-01-22,2024-01-31,IT,DevOps Engineer
417,Lisa,Roberts,6236.87,1996-06-01,2015-12-20,Finance,Financial Analyst
418,Bryan,Shaw,8345.07,1964-10-16,2023-10-03,Marketing,Social Media Manager
419,Michael,Owens,8939.77,1962-10-18,2018-04-29,Marketing,Marketing Specialist
420,Tiffany,Stafford,7845.89,1984-12-14,2023-07-26,IT,Front-end Developer
421,Joseph,Kramer,4386.27,1969-08-08,2020-04-09,Sales,Account Manager
422,Alexandra,Weber,7906.69,1962-08-05,2020-09-21,Legal,Contract Specialist
423,Michelle,Henderson,3797.54,1953-06-06,2017-05-29,IT,DevOps Engineer
424,Barbara,Jones,7501.14,1992-03-08,2022-11-29,Marketing,Marketing Specialist
425,Carol,Lowery,9490.27,1956-02-15,2019-01-27,Legal,Contract Specialist
426,Kurt,Miller,6346.23,1979-02-08,2022-04-22,Finance,Financial Analyst
427,Austin,Russell,8939.92,1976-09-24,2015-11-10,Marketing,Social Media Manager
428,Scott,Jackson,3915.13,2001-09-19,2016-08-05,IT,Network Administrator
429,Sean,Johnson,7449.19,2001-12-29,2023-12-24,Marketing,Marketing Specialist
430,Karen,Curtis,6208.89,2005-05-06,2022-06-06,Finance,Tax Consultant
431,Scott,Cardenas,7949.67,2001-05-15,2020-05-29,Marketing,SEO Analyst
432,Joseph,Marsh,9786.75,1950-02-22,2023-03-17,Legal,Contract Specialist
433,Jennifer,Ward,5409.81,1990-07-27,2019-02-16,HR,Recruitment Specialist
434,April,Rogers,3778.62,1986-09-27,2021-07-03,Finance,Financial Analyst
435,Diane,Mclaughlin,9921.55,1972-11-15,2020-11-14,Finance,Financial Analyst
436,Deborah,Miller,3491.51,1972-01-16,2015-07-02,Marketing,Social Media Manager
437,Mary,Pratt,6310.13,1991-11-05,2022-07-10,HR,HR Manager
438,Kenneth,Woodard,7645.97,2006-12-09,2022-08-10,Sales,Sales Executive
439,Richard,Pacheco,6655.1,1958-12-12,2020-11-08,Sales,Account Manager
440,Cindy,Blackwell,4878.8,1983-05-03,2018-04-25,Legal,Lawyer
441,Nicholas,Armstrong,4996.04,1951-09-15,2023-11-05,HR,Recruitment Specialist
442,Ashley,Miller,3129.83,2006-04-11,2016-11-28,IT,Front-end Developer
443,Kelly,Hernandez,7981.81,1995-08-06,2022-05-07,Marketing,Marketing Specialist
444,Daniel,Smith,3231.27,1955-08-08,2015-08-06,Legal,Legal Advisor
445,Samuel,Kramer,7957.28,1984-05-12,2019-12-11,Finance,Financial Analyst
446,William,Mcmahon,4154.78,1958-08-27,2020-01-05,Sales,Sales Executive
447,Shane,Miller,5863.91,1959-09-22,2019-03-28,Legal,Legal Advisor
448,Matthew,Young,3414.31,2004-08-29,2019-09-01,Finance,Financial Analyst
449,Maria,Salas,3753.18,1977-12-30,2017-02-17,Legal,Legal Advisor
450,Donald,Wall,6416.37,1998-10-30,2016-01-27,Legal,Legal Advisor
451,Sydney,Jackson,7818.48,1996-05-02,2017-03-22,Finance,Financial Analyst
452,Ronald,Chambers,3348.19,1966-04-27,2017-10-14,Legal,Legal Advisor
453,Thomas,Johnson,7403.68,1978-06-20,2020-06-28,IT,Back-end Developer
454,Marcia,Estrada,6983.66,1952-01-05,2016-12-16,Sales,Account Manager
455,Allen,Miller,7094.0,1991-05-30,2020-10-12,Marketing,Social Media Manager
456,Philip,Weber,5456.57,1973-06-18,2023-12-02,Marketing,SEO Analyst
457,Hunter,Larson,5751.35,1966-03-25,2020-12-02,Marketing,Social Media Manager
458,Kenneth,Pratt,8340.44,1996-10-18,2018-05-08,HR,HR Manager
459,Derek,Anderson,5153.8,1960-11-01,2024-03-24,Finance,Financial Analyst
460,Tiffany,Robinson,9396.29,1994-07-30,2017-06-21,Legal,Lawyer
461,Philip,Baird,3515.18,1988-09-11,2017-03-04,Sales,Sales Executive
462,Andrew,Marshall,9130.95,1952-07-27,2019-07-12,Finance,Financial Analyst
463,Katherine,Watkins,5080.19,1991-04-07,2017-05-07,IT,DevOps Engineer
464,Keith,Carter,6780.96,1950-01-20,2022-04-23,Finance,Accountant
465,Dustin,Weaver,7047.23,1994-03-30,2025-01-05,Marketing,Marketing Specialist
466,Maria,Johnson,7342.46,1963-06-04,2023-02-16,IT,Network Administrator
467,Cody,Garner,3230.68,1964-02-14,2018-12-30,Sales,Sales Executive
468,Joyce,Sanchez,8716.96,1973-11-27,2018-04-08,IT,Back-end Developer
469,Amy,Patel,7655.94,1968-08-17,2024-06-24,Sales,Sales Executive
470,Connie,Mora,3519.56,1998-07-14,2015-05-27,Sales,Sales Executive
471,Phyllis,Kelly,7562.34,1975-05-09,2021-04-14,Sales,Account Manager
472,Gabriela,Thornton,3326.65,1949-01-26,2018-02-23,Marketing,SEO Analyst
473,James,Lynn,8457.18,1985-06-07,2015-01-12,Finance,Tax Consultant
474,Carla,Vazquez,6944.4,1996-12-20,2015-04-27,Legal,Lawyer
475,Ashley,Anderson,4811.99,1959-10-03,2019-09-07,Finance,Accountant
476,Eric,Ewing,8933.24,1967-07-13,2021-12-05,HR,HR Manager
477,Anna,Hernandez,3894.08,1966-11-19,2016-04-21,HR,HR Manager
478,Miguel,Roy,7578.6,1975-06-28,2022-10-15,Marketing,Marketing Specialist
479,Emily,Myers,8339.42,1999-12-06,2022-05-10,IT,Network Administrator
480,Christine,Clark,8033.11,1999-02-03,2017-02-18,Finance,Accountant
481,Antonio,Solis,3363.0,1984-12-08,2021-02-24,IT,Back-end Developer
482,Michael,Holmes,7416.19,1953-03-21,2023-01-30,Finance,Tax Consultant
483,Michael,Lowe,6042.26,2006-04-03,2016-10-10,IT,Back-end Developer
484,Ryan,Stevens,6583.57,1974-10-09,2018-12-20,Finance,Accountant
485,Edward,Green,9669.19,1982-09-26,2017-08-31,HR,HR Assistant
486,Christina,Freeman,4524.92,1952-12-11,2021-11-12,HR,HR Manager
487,Gloria,Rangel,6186.78,1960-11-03,2018-07-21,IT,Network Administrator
488,Jason,Hamilton,4645.58,2003-08-20,2017-10-13,Finance,Tax Consultant
489,James,Woods,6337.02,1955-09-19,2018-11-06,Sales,Account Manager
490,Jeremy,Smith,5674.38,1964-01-28,2018-05-27,Sales,Account Manager
491,Gregory,French,9926.46,1984-11-19,2019-03-11,HR,HR Assistant
492,Lori,Vance,7247.93,1954-10-04,2022-11-19,Finance,Accountant
493,Caleb,Torres,6605.9,1977-11-12,2015-05-20,Finance,Financial Analyst
494,Timothy,Peck,9713.42,1954-05-12,2015-12-28,Legal,Contract Specialist
495,Michelle,Robbins,8125.23,1993-08-10,2019-05-13,IT,Back-end Developer
496,Brian,Gray,7503.76,1969-07-31,2020-10-27,HR,HR Assistant
497,Zachary,Brown,6877.87,1960-09-19,2020-10-17,Legal,Lawyer
498,Jennifer,Wright,8147.6,1971-06-15,2023-05-06,Marketing,Social Media Manager
499,Monica,Wolfe,6023.38,2002-07-15,2024-07-27,Finance,Accountant
500,Jenny,Daniels,6813.92,1958-07-23,2022-06-01,Finance,Financial Analyst
